{"cameraMode":{"drawMode":0,"name":"Shaded","section":"Shading Mode"},"sceneLighting":true,"audioPlay":false,"sceneViewState":{"m_AlwaysRefresh":false,"showFog":true,"showSkybox":true,"showFlares":true,"showImageEffects":true,"showParticleSystems":true,"showVisualEffectGraphs":true,"m_FxEnabled":true},"in2DMode":false,"pivot":{"x":15.360915184020996,"y":-410.7148742675781,"z":-1271.4346923828125},"rotation":{"x":-0.0005131643265485764,"y":-0.9875822067260742,"z":0.15715673565864564,"w":-0.003268210217356682},"size":705.2671508789063,"orthographic":false}