{"cameraMode":{"drawMode":0,"name":"Shaded","section":"Shading Mode"},"sceneLighting":true,"audioPlay":false,"sceneViewState":{"m_AlwaysRefresh":false,"showFog":true,"showSkybox":true,"showFlares":true,"showImageEffects":true,"showParticleSystems":true,"showVisualEffectGraphs":true,"m_FxEnabled":true},"in2DMode":false,"pivot":{"x":-85.85684967041016,"y":240.01531982421876,"z":123.44966888427735},"rotation":{"x":0.13007542490959168,"y":0.8699287176132202,"z":-0.3298240303993225,"w":0.3429776728153229},"size":0.8270542621612549,"orthographic":false}